{
    "sourceFile": "WEB/sanpham.html",
    "activeCommit": 0,
    "commits": [
        {
            "activePatchIndex": 0,
            "patches": [
                {
                    "date": 1639730329674,
                    "content": "Index: \n===================================================================\n--- \n+++ \n"
                }
            ],
            "date": 1639730329673,
            "name": "Commit-0",
            "content": "<!DOCTYPE html>\n<html lang=\"en\">\n\n<head>\n    <meta charset=\"UTF-8\">\n    <meta http-equiv=\"X-UA-Compatible\" content=\"IE=edge\">\n    <meta name=\"viewport\" content=\"width=device-width, initial-scale=1.0\">\n    <title>thong tin rươu </title>\n    <link rel=\"stylesheet\" href=\"cart/css/style.css\">\n    <link rel=\"stylesheet\" href=\"css/header.css\">\n    <link rel=\"stylesheet\" href=\"css/footer.css\">\n    <link href='https://unpkg.com/boxicons@2.1.1/css/boxicons.min.css' rel='stylesheet'>\n    <link rel=\"stylesheet\" href=\"css/sanpham.css\">\n    <!-- <link rel=\"stylesheet\" href=\"css/style_product.css\"> -->\n</head>\n\n<body>\n  \n        <div class=\"header boxcenter\">\n            <div class=\"header--contact padding-content\">\n                <div class=\"header--contact__phone\">\n                    <i class=\"fas fa-phone-alt \" style=\"font-size: 16px;\"></i>\n                    call us 03-087-0976\n                    <img src=\"assets/icon/email.png\" style=\"height: 20px;width: 20px;margin-left: 2%;margin-right: 10px;\" alt=\"\">\n                    nn@gmail.com\n                </div>\n               \n                <div class=\"header--contact__\">\n                    <a href=\"\">\n                        <div class=\"header--contact__about\" >\n                        <a href=\"\" style=\"margin-right: 6px\"><i class=\"fas fa-user\" style=\"font-size: 16px;\"></i></a>\n                           <a href=\"about.html\" class=\"header--contact__span\" style=\"position: relative; top:0px;\"> My Account</a>\n                        </div>\n                    </a>\n                    <a href=\"\">\n                        <div class=\"header--contact__careers\">\n                            <i class=\"fas fa-file-alt\" style=\"font-size: 16px;margin-right: 6px;\"></i>\n                            <span style=\"position: relative; top:0px;\">Orders</span>\n                        </div>\n                    </a>\n                    <a class=\"header--contact__locations\"\n                       href=\"\">\n                       <!-- <i class=\"fas fa-globe-americas\" style=\"font-size: 16px;\"></i> -->\n                       <img src=\"assets/icon/location.png\" style=\"height: 20px; width: 20px;\"  alt=\"\">\n                        <a href=\"https://www.google.com/maps/place/313+S+Maclay+Ave,+San+Fernando,+CA+91340,+Hoa+K%E1%BB%B3/@34.2823229,-118.4451155,17z/data=!3m1!4b1!4m5!3m4!1s0x80c2904a5eb192a1:0x73f25f3cf0de68ba!8m2!3d34.2823229!4d-118.4429268\" style=\"position: relative; top: 1px;margin-left: 10px;\">\n                            location\n                        </a>\n                    </a>\n                    \n                </div>\n            </div>\n                    \n            <div class=\"header--logo content-header\">\n                <div class=\"header--logo_large\">\n                    <div class=\"header--logo_item\">\n                        <a href=\"\">\n                            \n                            <i class='bx bx-notepad' style=\"font-size: 40px;color: rgb(68, 67, 67);\"></i>\n                        </a>\n                    </div>\n                    <div class=\"header--logo_item\">\n                        <a href=\"\">\n                            \n                            <i class='bx bx-globe' style=\"font-size: 40px;color: rgb(68, 67, 67);\"></i>\n                        </a>\n                    </div>\n                    <div class=\"header--logo_logo\">\n                        <!-- TODO : link -->\n                        <a href=\"\">\n                            <img src=\"assets/logo-dark.png\" alt=\"\">\n                        </a>\n                        \n                    </div>\n                    <div class=\"header--logo_item\">\n                        <a id=\"search_icon_button\">\n                            \n                            <i class='bx bx-search-alt-2'style=\"font-size: 40px;color: rgb(68, 67, 67);\" ></i>\n                        </a>\n                    </div>\n                    <div class=\"giohang header--logo_item\" >\n                        <!-- <a href=\"cart/cart.html\"><img src=\"cart/images/cart.png\"></a> -->\n                        <a onclick=\"showcart()\">\n                           \n                            <i class='bx bxs-cart-alt'style=\"font-size: 40px;color: rgb(68, 67, 67);\" ></i>\n                            <span id=\"countsp\">0</span>\n                        </a>\n                    </div>\n                </div>\n                <div class=\"header--logo_small\">\n                    <a href=\"\">\n                        <!-- TODO : link -->\n                        <img src=\"assets/logo-left-2.png\" alt=\"\">\n                    </a>\n                    <button class=\"header--button header--navbar_open_icon\">\n                        <svg width=\"25px\" class=\"svg-menu-opener\" xmlns=\"http://www.w3.org/2000/svg\" xmlns:xlink=\"http://www.w3.org/1999/xlink\" x=\"0px\" y=\"0px\" viewBox=\"0 0 32 26.5\" style=\"enable-background:new 0 0 32 26.5;\" xml:space=\"preserve\">\n                            <path class=\"st0\" d=\"M31.3,0.8c1.2,1.4-0.4,3.5,0.1,5.5c-0.6,0.2-1,0.5-1.9,0.4c-0.2,0-0.7,0-1-0.1c0,0-0.1-0.1-0.1-0.1\n                                c-0.4-0.1-0.9,0.1-1.4,0.1c-0.7,0-1.4-0.3-2.2-0.4c-0.3,0-0.7,0.1-1,0.1c-0.4,0-0.9-0.2-1.3-0.2c-0.5,0-1,0-1.5,0\n                                C16.1,5.8,10.2,6.2,5.8,6.2c-0.7,0-1.4,0-2.2,0.1C2,6.4,0.9,6.3,0,5.7C0.2,4.6,0.5,3,0,1.6c0.4-0.4,1-0.5,1.8-0.7\n                                c0.4-0.1,0.9-0.3,1.5-0.3c0.2,0,0.4,0.1,0.6,0.1c0.8,0,1.9-0.2,3-0.3c1.1,0,3,0.2,3.9-0.1c1.8,0.2,3.7-0.1,5.7,0.1\n                                c0.5,0,1,0.1,1.5,0.1c0.6,0,1.1-0.2,1.7-0.1c0.5,0,1,0.3,1.6,0.4c1.3,0.2,2.6,0.1,3.8,0.4C26.8,0.7,29.4,1,31.3,0.8z M14,2.1\n                                c-0.4,0.8-1.1,1.5-1.4,2.4c0.4-0.1,0.5,0.1,0.8,0.1c0.4-0.9,1.1-1.5,1.4-2.5C14.6,2.1,14.3,2.1,14,2.1z M11,2.2\n                                C10.2,2.8,9.5,3.7,9,4.6c0.4,0,0.6,0.1,1.1,0.1c0.5-0.1,0.2-0.8,0.8-0.8c0.1-0.2-0.3-0.1-0.2-0.3c0.6-0.3,0.6-1,0.9-1.4\n                                C11.4,2.2,11.2,2.2,11,2.2z M15.6,4.4c0.3,0.2,0.7,0,0.9-0.1c-0.2-0.6,0.9-1,0.7-1.6c0.2-0.1,0.6-0.4,0.3-0.5c-0.1,0.2-0.3,0-0.5,0\n                                C16.5,3,16.3,3.8,15.6,4.4z M5.5,2.6c0.3,0,0.3-0.1,0.3-0.3C5.5,2.3,5.4,2.4,5.5,2.6z M19.9,2.3c-0.4,0.8-1.1,1.2-1.1,2\n                                c0.2,0,0.5,0.1,0.8,0.1c0.2-0.5,0.7-1.2,0.3-1.7c0.2-0.1,0.3-0.2,0.4-0.4C20.2,2.3,20.1,2.3,19.9,2.3z M2.8,3c0.4,0,0.5-0.2,0.4-0.5\n                                C2.7,2.4,2.6,2.7,2.8,3z M28.5,2.7c0.1,0,0.5,0.1,0.5-0.1C28.8,2.5,28.6,2.5,28.5,2.7z M22.3,3.5C22.8,3.4,22.9,3,23,2.6\n                                C22.3,2.5,22.7,3.3,22.3,3.5z M24.8,4.2c0.6,0,0.6-0.5,0.7-0.8c0,0,0.2,0,0.2,0c0.1-0.2-0.2-0.6,0.2-0.6c0-0.1-0.1-0.2-0.2-0.2\n                                C25.2,3,25,3.6,24.8,4.2z M4,4.6c0.7-0.2,0.6-1,1.3-1.2c-0.1-0.3,0.3-0.5,0-0.7C4.9,3.3,4.5,3.9,4,4.6z M7.6,3.2\n                                c0.1,0,0.2-0.3,0-0.4C7.7,3,7.3,3.2,7.6,3.2z M22.3,3.6C22,3.9,22.5,4,22.3,3.6L22.3,3.6z M6.6,4.6c-0.1-0.1,0.3-0.2,0-0.3\n                                C6.6,4.3,6.3,4.5,6.6,4.6z M22.3,4.3c-0.1,0-0.1-0.1-0.3-0.1C21.8,4.4,22.3,4.5,22.3,4.3z\"></path>\n                            <path class=\"st0\" d=\"M31,9.6c1.1,0.3,0.5,1.4,0.5,2c0,0.2,0.2,0.4,0.2,0.7c0,0.4-0.1,0.9-0.1,1.4c0,0.7,0.2,1.2,0,1.8\n                                c-0.9,0.4-2,0.2-3.1,0.2c-0.3,0-0.5,0.1-0.9,0.1C26.2,16,24.4,15.7,23,16c-2.2-0.3-4.5,0.1-6.7-0.1c-0.5,0-1-0.2-1.9-0.2\n                                c-0.6,0-1.2-0.2-1.7-0.1c-0.2,0-0.4,0-0.5,0c0,0-0.2,0.1-0.2,0.1c-0.2,0-0.5-0.2-0.7-0.2c-0.3,0-0.6,0-1,0c-0.3,0-0.5-0.1-0.7-0.1\n                                c-0.3,0-0.6,0.2-1,0.1c-0.3,0-0.6-0.1-0.9-0.1c-1.1,0-2.4,0.1-3.7,0.1c-0.8,0-1.6,0-2.3,0.2c-0.7-0.2-1.1-0.6-1.6-0.9\n                                c0.3-0.7-0.1-1.8,0.3-2.3c0.1-0.3-0.2-0.2-0.2-0.4c0.6-0.6,0.3-1.2,0.4-2c0.5-0.2,1-0.4,1.2-0.6c2.2-0.6,4.7-0.2,7.1-0.2\n                                c1.3,0,2.4-0.2,3.5-0.1C13,9.3,14,9.5,15.1,9.6c0.8,0,1.6,0,2.3,0c1.2,0,2.8,0,4.5,0.1c1.3,0.1,2.6,0.2,3.9,0.1c0.3,0,0.6-0.1,1-0.1\n                                C28.2,9.6,29.7,9.8,31,9.6z M4.2,11c0-0.1,0-0.2-0.2-0.1c-1.4,0.3-1.4,1.2-1.2,2.3C3.3,12.4,3.6,11.6,4.2,11z M4.4,14\n                                c0.6,0,1.2,0,1.5-0.1c-0.2,0-0.3-0.1-0.3-0.1C5.8,13.5,5.7,13,6.3,13c0.1-0.9,1-1.3,1.2-2.2c-0.3,0-0.4,0.2-0.6,0\n                                C6.1,11.7,5.2,12.9,4.4,14z M12.7,10.8c0,0.1-0.2,0.1-0.3,0.1c-0.3,0.6-1,0.9-1.2,1.6c-0.3,0.2-0.9,0.9-0.1,1c0.7-0.9,1.5-1.7,2-2.7\n                                C12.9,10.9,12.8,10.8,12.7,10.8z M18.4,11.1c-0.6,1-1.8,1.9-1.7,3.1c0.3,0,0.4,0.1,0.7,0.1c0-0.3-0.6-0.2-0.4-0.5\n                                c0.2-0.1,0.4,0,0.6-0.1c0.2-1.1,0.8-1.6,1.4-2.5C18.9,11.1,18.7,11.1,18.4,11.1z M25.8,11.2c-0.1,0.5-0.6,1.1-0.7,1.7\n                                c-0.2,0.7-0.5,1.1-0.5,1.5c0.4-0.1,0.4,0,0.9-0.1c0.4-1,1.1-2,1.4-3.2C26.3,11.1,26.2,11.3,25.8,11.2z M15.4,11.5\n                                c0-0.1,0.2-0.2,0-0.2C15.4,11.4,15.2,11.5,15.4,11.5z M13.9,13.3c0.3,0.1,0.2-0.2,0.3-0.2C14,13,13.9,13.1,13.9,13.3z M22.2,13.6\n                                c0.3,0.1,0.3-0.3,0.1-0.3C22.2,13.4,22.1,13.4,22.2,13.6z M13.8,14.1c-0.1-0.3,0.3-0.3,0.3-0.6c-0.1,0-0.1-0.1-0.2-0.1\n                                C13.8,13.5,13.3,13.9,13.8,14.1z M8.2,13.9c0-0.1,0.3,0,0.3-0.1c-0.2,0-0.1-0.2-0.3-0.2C8.3,13.8,7.9,13.9,8.2,13.9z M28.2,14.2\n                                c0.3,0,0.5,0,0.7-0.1c-0.1-0.2,0.2-0.6-0.2-0.5C28.6,13.9,28.3,14,28.2,14.2z\"></path>\n                            <path class=\"st0\" d=\"M11.5,19c4.4,0,9.7,0.3,14,0.8c1.9-0.1,3.3-0.2,5.2-0.3c0.3,0.1,0.5,0.4,0.7,0.6c-0.7,1.9,0.2,4-0.1,5.7\n                                c-0.5,0.1-0.9,0.2-1.2,0.4c-0.5,0-1-0.2-1.5-0.2c-0.5,0-1,0.2-1.6,0.2c-1.2,0.1-2.7-0.1-4.2,0.1c-0.4,0-0.9,0-1.3,0.1\n                                c0,0-0.2,0.1-0.2,0.1c-3.4,0.1-7.4-0.3-10.8-0.4c-1.2,0-2.5,0-3.5,0.1c-0.8,0.1-1.6,0-2.3,0c-0.3,0-0.6,0.2-1,0.2\n                                c-0.4,0-0.8-0.1-1.2-0.1c-0.5,0-0.7,0.3-1.2,0.2C1,26.5,0.7,26,0.2,25.9c-0.1-2.1,0.4-3.7,0.4-6c0.4-0.1,0.6-0.4,1.2-0.4\n                                c0.4-0.3,0.8-0.7,1.5-0.8c0.5-0.1,1,0.1,1.6,0.1c1.2,0,2.5-0.2,3.5,0c0.4-0.3,1.5-0.6,2.1-0.4C11.2,18.4,11.1,18.8,11.5,19z\n                                    M7.1,20.1c-1.3,0.9-2.3,2.2-3,3.6c0.2,0.1,0.1,0.3,0.2,0.4c0,0.2-0.5,0.1-0.4,0.4c0.3,0.1,1.2,0.1,1.5,0c0-0.2-0.2-0.2-0.5-0.2\n                                c0.1-0.4-0.6-0.2-0.4-0.6c0.2-0.3,0.9-0.3,1.3-0.4c-0.1-0.8,1.1-1.3,1.2-2.2c0.5-0.1,0.7-0.6,0.5-0.9C7.2,20.2,7.1,20.2,7.1,20.1z\n                                    M11.8,20.3c-0.5,0.6-0.8,1.3-1.4,1.7c0,0.6-0.2,1-0.4,1.4c0.5,0,0.9,0,1.4,0c0.5-1.1,1.3-2,1.8-3.1C12.6,20.4,12.3,20.3,11.8,20.3z\n                                    M3.2,20.8c0.3,0,0.4-0.1,0.4-0.3c-0.1,0-0.3,0-0.4,0C3.2,20.6,3.2,20.7,3.2,20.8z M13.9,23.5c0.7,0.1,1.2-0.1,1.5-0.3\n                                c0.4-1.1,0.7-1.8,1.4-2.6c-0.4,0-0.8,0-1.1-0.1C15.2,21.5,14.4,22.4,13.9,23.5z M18,23.2c0.6,0.1,0.8-0.2,1.1-0.3\n                                c-0.1-0.7,0.8-1.4,1-2.2C18.4,20.9,18.6,22.3,18,23.2z M21.8,22.8c1.5,0,1.7-1,1.8-1.7C22,20.7,22.1,22.1,21.8,22.8z M26.4,21.1\n                                c-0.4,0.2-0.2,0.6-0.3,0.9c0,0.1-0.3,0.2-0.3,0.3c-0.2,0.4-0.2,0.4-0.3,0.7c-0.1,0.2-0.6,0.7-0.2,0.9c0.3-0.6,0.8-0.7,0.9-1.5\n                                c0.6-0.3,0.8-0.8,1.1-1.2C26.8,21.2,26.8,21,26.4,21.1z M27.1,24.5c0.6,0,0.8-0.1,1.3,0c0.6-0.3,0.1-0.5,0.1-0.7c0,0,0.2,0,0.2-0.1\n                                c0-0.1-0.1-0.5-0.2-0.6C28.1,23.6,27.7,24.1,27.1,24.5z M24.8,24.3c0,0,0-0.1,0.1-0.1c0-0.1,0-0.2-0.2-0.1\n                                C24.7,24.1,24.7,24.3,24.8,24.3z M20.2,24.8c0.7,0,1.4,0.2,1.8-0.1c-0.2,0,0-0.4-0.1-0.5C20.9,24.1,20.5,24.4,20.2,24.8z M25.2,24.5\n                                c-0.2-0.1-0.3-0.2-0.6-0.1C24.5,24.8,25,24.7,25.2,24.5z M18.7,24.5c-0.5,0.1-1.4,0-1.6,0.4c0.9-0.1,2,0,3-0.1\n                                C19.5,24.7,19.1,24.6,18.7,24.5z\"></path>\n                        </svg>\n                    </button>\n                </div>\n            </div>\n                            \n            <div class=\"header--navbar margin-content\">\n                <button class=\"header--button header--navbar_close_icon\">\n                    <svg width=\"25px\" class=\"svg-menu-opener\" xmlns=\"http://www.w3.org/2000/svg\" xmlns:xlink=\"http://www.w3.org/1999/xlink\" x=\"0px\" y=\"0px\" viewBox=\"0 0 32 26.5\" style=\"enable-background:new 0 0 32 26.5;\" xml:space=\"preserve\">\n                        <path class=\"st0\" d=\"M31.3,0.8c1.2,1.4-0.4,3.5,0.1,5.5c-0.6,0.2-1,0.5-1.9,0.4c-0.2,0-0.7,0-1-0.1c0,0-0.1-0.1-0.1-0.1\n                            c-0.4-0.1-0.9,0.1-1.4,0.1c-0.7,0-1.4-0.3-2.2-0.4c-0.3,0-0.7,0.1-1,0.1c-0.4,0-0.9-0.2-1.3-0.2c-0.5,0-1,0-1.5,0\n                            C16.1,5.8,10.2,6.2,5.8,6.2c-0.7,0-1.4,0-2.2,0.1C2,6.4,0.9,6.3,0,5.7C0.2,4.6,0.5,3,0,1.6c0.4-0.4,1-0.5,1.8-0.7\n                            c0.4-0.1,0.9-0.3,1.5-0.3c0.2,0,0.4,0.1,0.6,0.1c0.8,0,1.9-0.2,3-0.3c1.1,0,3,0.2,3.9-0.1c1.8,0.2,3.7-0.1,5.7,0.1\n                            c0.5,0,1,0.1,1.5,0.1c0.6,0,1.1-0.2,1.7-0.1c0.5,0,1,0.3,1.6,0.4c1.3,0.2,2.6,0.1,3.8,0.4C26.8,0.7,29.4,1,31.3,0.8z M14,2.1\n                            c-0.4,0.8-1.1,1.5-1.4,2.4c0.4-0.1,0.5,0.1,0.8,0.1c0.4-0.9,1.1-1.5,1.4-2.5C14.6,2.1,14.3,2.1,14,2.1z M11,2.2\n                            C10.2,2.8,9.5,3.7,9,4.6c0.4,0,0.6,0.1,1.1,0.1c0.5-0.1,0.2-0.8,0.8-0.8c0.1-0.2-0.3-0.1-0.2-0.3c0.6-0.3,0.6-1,0.9-1.4\n                            C11.4,2.2,11.2,2.2,11,2.2z M15.6,4.4c0.3,0.2,0.7,0,0.9-0.1c-0.2-0.6,0.9-1,0.7-1.6c0.2-0.1,0.6-0.4,0.3-0.5c-0.1,0.2-0.3,0-0.5,0\n                            C16.5,3,16.3,3.8,15.6,4.4z M5.5,2.6c0.3,0,0.3-0.1,0.3-0.3C5.5,2.3,5.4,2.4,5.5,2.6z M19.9,2.3c-0.4,0.8-1.1,1.2-1.1,2\n                            c0.2,0,0.5,0.1,0.8,0.1c0.2-0.5,0.7-1.2,0.3-1.7c0.2-0.1,0.3-0.2,0.4-0.4C20.2,2.3,20.1,2.3,19.9,2.3z M2.8,3c0.4,0,0.5-0.2,0.4-0.5\n                            C2.7,2.4,2.6,2.7,2.8,3z M28.5,2.7c0.1,0,0.5,0.1,0.5-0.1C28.8,2.5,28.6,2.5,28.5,2.7z M22.3,3.5C22.8,3.4,22.9,3,23,2.6\n                            C22.3,2.5,22.7,3.3,22.3,3.5z M24.8,4.2c0.6,0,0.6-0.5,0.7-0.8c0,0,0.2,0,0.2,0c0.1-0.2-0.2-0.6,0.2-0.6c0-0.1-0.1-0.2-0.2-0.2\n                            C25.2,3,25,3.6,24.8,4.2z M4,4.6c0.7-0.2,0.6-1,1.3-1.2c-0.1-0.3,0.3-0.5,0-0.7C4.9,3.3,4.5,3.9,4,4.6z M7.6,3.2\n                            c0.1,0,0.2-0.3,0-0.4C7.7,3,7.3,3.2,7.6,3.2z M22.3,3.6C22,3.9,22.5,4,22.3,3.6L22.3,3.6z M6.6,4.6c-0.1-0.1,0.3-0.2,0-0.3\n                            C6.6,4.3,6.3,4.5,6.6,4.6z M22.3,4.3c-0.1,0-0.1-0.1-0.3-0.1C21.8,4.4,22.3,4.5,22.3,4.3z\"></path>\n                        <path class=\"st0\" d=\"M31,9.6c1.1,0.3,0.5,1.4,0.5,2c0,0.2,0.2,0.4,0.2,0.7c0,0.4-0.1,0.9-0.1,1.4c0,0.7,0.2,1.2,0,1.8\n                            c-0.9,0.4-2,0.2-3.1,0.2c-0.3,0-0.5,0.1-0.9,0.1C26.2,16,24.4,15.7,23,16c-2.2-0.3-4.5,0.1-6.7-0.1c-0.5,0-1-0.2-1.9-0.2\n                            c-0.6,0-1.2-0.2-1.7-0.1c-0.2,0-0.4,0-0.5,0c0,0-0.2,0.1-0.2,0.1c-0.2,0-0.5-0.2-0.7-0.2c-0.3,0-0.6,0-1,0c-0.3,0-0.5-0.1-0.7-0.1\n                            c-0.3,0-0.6,0.2-1,0.1c-0.3,0-0.6-0.1-0.9-0.1c-1.1,0-2.4,0.1-3.7,0.1c-0.8,0-1.6,0-2.3,0.2c-0.7-0.2-1.1-0.6-1.6-0.9\n                            c0.3-0.7-0.1-1.8,0.3-2.3c0.1-0.3-0.2-0.2-0.2-0.4c0.6-0.6,0.3-1.2,0.4-2c0.5-0.2,1-0.4,1.2-0.6c2.2-0.6,4.7-0.2,7.1-0.2\n                            c1.3,0,2.4-0.2,3.5-0.1C13,9.3,14,9.5,15.1,9.6c0.8,0,1.6,0,2.3,0c1.2,0,2.8,0,4.5,0.1c1.3,0.1,2.6,0.2,3.9,0.1c0.3,0,0.6-0.1,1-0.1\n                            C28.2,9.6,29.7,9.8,31,9.6z M4.2,11c0-0.1,0-0.2-0.2-0.1c-1.4,0.3-1.4,1.2-1.2,2.3C3.3,12.4,3.6,11.6,4.2,11z M4.4,14\n                            c0.6,0,1.2,0,1.5-0.1c-0.2,0-0.3-0.1-0.3-0.1C5.8,13.5,5.7,13,6.3,13c0.1-0.9,1-1.3,1.2-2.2c-0.3,0-0.4,0.2-0.6,0\n                            C6.1,11.7,5.2,12.9,4.4,14z M12.7,10.8c0,0.1-0.2,0.1-0.3,0.1c-0.3,0.6-1,0.9-1.2,1.6c-0.3,0.2-0.9,0.9-0.1,1c0.7-0.9,1.5-1.7,2-2.7\n                            C12.9,10.9,12.8,10.8,12.7,10.8z M18.4,11.1c-0.6,1-1.8,1.9-1.7,3.1c0.3,0,0.4,0.1,0.7,0.1c0-0.3-0.6-0.2-0.4-0.5\n                            c0.2-0.1,0.4,0,0.6-0.1c0.2-1.1,0.8-1.6,1.4-2.5C18.9,11.1,18.7,11.1,18.4,11.1z M25.8,11.2c-0.1,0.5-0.6,1.1-0.7,1.7\n                            c-0.2,0.7-0.5,1.1-0.5,1.5c0.4-0.1,0.4,0,0.9-0.1c0.4-1,1.1-2,1.4-3.2C26.3,11.1,26.2,11.3,25.8,11.2z M15.4,11.5\n                            c0-0.1,0.2-0.2,0-0.2C15.4,11.4,15.2,11.5,15.4,11.5z M13.9,13.3c0.3,0.1,0.2-0.2,0.3-0.2C14,13,13.9,13.1,13.9,13.3z M22.2,13.6\n                            c0.3,0.1,0.3-0.3,0.1-0.3C22.2,13.4,22.1,13.4,22.2,13.6z M13.8,14.1c-0.1-0.3,0.3-0.3,0.3-0.6c-0.1,0-0.1-0.1-0.2-0.1\n                            C13.8,13.5,13.3,13.9,13.8,14.1z M8.2,13.9c0-0.1,0.3,0,0.3-0.1c-0.2,0-0.1-0.2-0.3-0.2C8.3,13.8,7.9,13.9,8.2,13.9z M28.2,14.2\n                            c0.3,0,0.5,0,0.7-0.1c-0.1-0.2,0.2-0.6-0.2-0.5C28.6,13.9,28.3,14,28.2,14.2z\"></path>\n                        <path class=\"st0\" d=\"M11.5,19c4.4,0,9.7,0.3,14,0.8c1.9-0.1,3.3-0.2,5.2-0.3c0.3,0.1,0.5,0.4,0.7,0.6c-0.7,1.9,0.2,4-0.1,5.7\n                            c-0.5,0.1-0.9,0.2-1.2,0.4c-0.5,0-1-0.2-1.5-0.2c-0.5,0-1,0.2-1.6,0.2c-1.2,0.1-2.7-0.1-4.2,0.1c-0.4,0-0.9,0-1.3,0.1\n                            c0,0-0.2,0.1-0.2,0.1c-3.4,0.1-7.4-0.3-10.8-0.4c-1.2,0-2.5,0-3.5,0.1c-0.8,0.1-1.6,0-2.3,0c-0.3,0-0.6,0.2-1,0.2\n                            c-0.4,0-0.8-0.1-1.2-0.1c-0.5,0-0.7,0.3-1.2,0.2C1,26.5,0.7,26,0.2,25.9c-0.1-2.1,0.4-3.7,0.4-6c0.4-0.1,0.6-0.4,1.2-0.4\n                            c0.4-0.3,0.8-0.7,1.5-0.8c0.5-0.1,1,0.1,1.6,0.1c1.2,0,2.5-0.2,3.5,0c0.4-0.3,1.5-0.6,2.1-0.4C11.2,18.4,11.1,18.8,11.5,19z\n                                M7.1,20.1c-1.3,0.9-2.3,2.2-3,3.6c0.2,0.1,0.1,0.3,0.2,0.4c0,0.2-0.5,0.1-0.4,0.4c0.3,0.1,1.2,0.1,1.5,0c0-0.2-0.2-0.2-0.5-0.2\n                            c0.1-0.4-0.6-0.2-0.4-0.6c0.2-0.3,0.9-0.3,1.3-0.4c-0.1-0.8,1.1-1.3,1.2-2.2c0.5-0.1,0.7-0.6,0.5-0.9C7.2,20.2,7.1,20.2,7.1,20.1z\n                                M11.8,20.3c-0.5,0.6-0.8,1.3-1.4,1.7c0,0.6-0.2,1-0.4,1.4c0.5,0,0.9,0,1.4,0c0.5-1.1,1.3-2,1.8-3.1C12.6,20.4,12.3,20.3,11.8,20.3z\n                                M3.2,20.8c0.3,0,0.4-0.1,0.4-0.3c-0.1,0-0.3,0-0.4,0C3.2,20.6,3.2,20.7,3.2,20.8z M13.9,23.5c0.7,0.1,1.2-0.1,1.5-0.3\n                            c0.4-1.1,0.7-1.8,1.4-2.6c-0.4,0-0.8,0-1.1-0.1C15.2,21.5,14.4,22.4,13.9,23.5z M18,23.2c0.6,0.1,0.8-0.2,1.1-0.3\n                            c-0.1-0.7,0.8-1.4,1-2.2C18.4,20.9,18.6,22.3,18,23.2z M21.8,22.8c1.5,0,1.7-1,1.8-1.7C22,20.7,22.1,22.1,21.8,22.8z M26.4,21.1\n                            c-0.4,0.2-0.2,0.6-0.3,0.9c0,0.1-0.3,0.2-0.3,0.3c-0.2,0.4-0.2,0.4-0.3,0.7c-0.1,0.2-0.6,0.7-0.2,0.9c0.3-0.6,0.8-0.7,0.9-1.5\n                            c0.6-0.3,0.8-0.8,1.1-1.2C26.8,21.2,26.8,21,26.4,21.1z M27.1,24.5c0.6,0,0.8-0.1,1.3,0c0.6-0.3,0.1-0.5,0.1-0.7c0,0,0.2,0,0.2-0.1\n                            c0-0.1-0.1-0.5-0.2-0.6C28.1,23.6,27.7,24.1,27.1,24.5z M24.8,24.3c0,0,0-0.1,0.1-0.1c0-0.1,0-0.2-0.2-0.1\n                            C24.7,24.1,24.7,24.3,24.8,24.3z M20.2,24.8c0.7,0,1.4,0.2,1.8-0.1c-0.2,0,0-0.4-0.1-0.5C20.9,24.1,20.5,24.4,20.2,24.8z M25.2,24.5\n                            c-0.2-0.1-0.3-0.2-0.6-0.1C24.5,24.8,25,24.7,25.2,24.5z M18.7,24.5c-0.5,0.1-1.4,0-1.6,0.4c0.9-0.1,2,0,3-0.1\n                            C19.5,24.7,19.1,24.6,18.7,24.5z\"></path>\n                    </svg>\n                </button>\n                <!-- <div class=\"header--navbar_item\"><a href=\"\">home</a></div>\n                <div class=\"header--navbar_item\"><a href=\"\">blog</a></div>\n                <div class=\"header--navbar_item\"><a href=\"#foos\">portfolio</a></div>\n                <div class=\"header--navbar_item\"><a href=\"\">shop</a></div> -->\n                <!-- <div class=\"container1 header--navbar_item \">\n                    <section></section>\n                    <nav>\n                        <ul>\n                            <li>HOME</li>\n                            <li>PRODUCT\n                                <ul>\n                                    <li>tivi</li>\n                                    <li>điện thoại</li>\n                                </ul>\n                            </li>\n                            <li>ABOUT US</li>\n                            <li>shop\n                                <ul>\n                                    <li>tivi</li>\n                                    <li>điện thoại</li>\n                                </ul>\n                            </li>\n                            \n                            <li>CONTACT</li>\n                        </ul>\n            \n                    </nav>\n                </div> -->\n                <div class=\"wrapper header--navbar_item\">\n                    <div class=\"header1\">\n                        <nav class=\"container1\">\n                            <a href=\"\" id=\"logo\">\n                                <img src=\"\" alt=\"\">\n                            </a>\n                            <ul id=\"main-menu\">\n                                <li><a href=\"index.html\">Home</a></li>\n                                <li><a href=\"about.html\">About</a></li>\n\n                                <li><a href=\"\">Product</a>\n                                    <ul class=\"sub-menu\">\n                                        <li><a href=\"ds_spY.html\">Rượu vang Ý</a></li>\n                                        <li><a href=\"ds_spD.html\">Rượu vang Đức</a>\n\n                                        </li>\n                                        <li><a href=\"ds_spP.html\">Rượu vang Pháp</a></li>\n                                        <li><a href=\"ds_spN.html\">Rượu Nhật</a></li>\n                                    </ul>\n                                </li>\n                                <li><a href=\"cart.html\">Cart</a></li>\n                            </ul>\n                        </nav>\n            \n                    </div>\n                </div>\n                \n            </div>\n       \n        <div class=\"row mb \" style=\"max-width: 1380px;margin: auto;margin-left: 160px;margin-top: -5px; background-image: linear-gradient( #cccc,#1d1c1c);\">\n            <div class=\"boxtrai mr\" style=\" height: 4100px;border-radius: 6px; \">\n                <div class=\"row\" style=\"background-color: #1d1c1c;\" >\n\n                   <!-- <img src=\"./assets/home/ads/hom3_1.jpg\" alt=\"\">\n                  <div class=\"textcontact\" style=\"color: #1d1c1c;\">\n                    <h1 style=\"color: #1d1c1c;margin-top: 20px;\">Contact us</h1>\n                    Planning to visit Indonesia soon? Get insider tips on where to go\n                  things to do and find best deals for your next adventure.\n                   It may sound incredible, but you can accurately count the exact number of grapes to produce a perfect bottle of wine.\n                    Accordingly, we need about 600-800 grapes (equivalent  11 bunches with each grape weighing about 2g, on average a bunch of grapes with 50-80 fruits) to make a bottle\n                     of 750ml wine. Thus, each ton of grapes will produce 2 barrels of 60 gallon wine , equivalent to about 720 bottles of 750ml wine.\n                    <div class=\"bu\" style=\"display: flex;margin-top: 200px;\"> <button style=\"margin: auto;height: 50px;width: 60px;background-color: #402c2766;\"><a style=\"color: red;\" href=\"./index.html\">Home</a></button></div>\n                  </div> -->\n                  <div class=\"center\" style=\"background-color: #383636;margin:10px ;\">\n                    <img src=\"assets/product/a-pd1.jpg\" alt=\"\" style=\"margin: 40px;width:300px ;height: 350px;\">\n                    <div class=\"tong\">\n                        <h1>Rượu Champagne Armand De Brignac Gold – Champagne Át Bích</h1>\n                        <div class=\"phai\">\n                            <h2>Gia Kham Khao: 120$</h2>\n                            <div>\n                              <input type=\"number\" name=\"soluong\" min=\"1\" max=\"10\" value=\"1\" style=\"border-radius: 5px;width: 40px;\">  \n                              <button><i class='bx bx-cart-alt' style=\"margin: 5px;\"></i>Mua Ngay</button>\n                            </div>\n                            <div class=\"buttonbuy\">\n                                <button>HN</button>\n                                <button>TPHCM</button>\n                            </div>\n                            <div class=\"col-xs-12 col-sm-12 col-md-12 nopadding\">\n                              <div class=\"col-xs-12 col-sm-12 col-md-12 nopadding info-orther\">\n                                  <div class=\"col-xs-12 nopadding items-info-orther\">\n                                      <div class=\"col-xs-6 col-sm-6 left\"><strong>Mã sản phẩm :</strong></div>\n                                      <div class=\"col-xs-6 col-sm-6 right min-height-30\">24H-9700</div>\n                                  </div>\n  \n                                  <div class=\"col-xs-12 nopadding items-info-orther bg-white\">\n                                                  <div class=\"col-xs-6 col-sm-6 left\"><strong><p>\n                                                              Xuất xứ:</p></strong>\n                                                  </div>\n                                                  <div class=\"col-xs-6 col-sm-6 border-left right min-height-30\">\n                                                      <p>Pháp</p>                                                                                                                                </div>\n                                              </div>\n                                                                                                  <div class=\"col-xs-12 nopadding items-info-orther bg-white\">\n                                                  <div class=\"col-xs-6 col-sm-6 left\"><strong><p>\n                                                              Hãng sản xuất:</p></strong>\n                                                  </div>\n                                                  <div class=\"col-xs-6 col-sm-6 border-left right min-height-30\">\n                                                      <p>Armand De Brignac</p>                                                                                                                                </div>\n                                              </div>\n                                                                                                  <div class=\"col-xs-12 nopadding items-info-orther bg-white\">\n                                                  <div class=\"col-xs-6 col-sm-6 left\"><strong><p>\n                                                              Loại vang:</p></strong>\n                                                  </div>\n                                                  <div class=\"col-xs-6 col-sm-6 border-left right min-height-30\">\n                                                      <p>Champagne &amp; Vang Nổ</p>                                                                                                                                </div>\n                                              </div>\n                                                                                                  <div class=\"col-xs-12 nopadding items-info-orther bg-white\">\n                                                  <div class=\"col-xs-6 col-sm-6 left\"><strong><p>\n                                                              Nồng độ:</p></strong>\n                                                  </div>\n                                                  <div class=\"col-xs-6 col-sm-6 border-left right min-height-30\">\n                                                      <p>12.5 %</p>                                                                                                                                </div>\n                                              </div>\n                                                                                                  <div class=\"col-xs-12 nopadding items-info-orther bg-white\">\n                                                  <div class=\"col-xs-6 col-sm-6 left\"><strong><p>\n                                                              Dung tích:</p></strong>\n                                                  </div>\n                                                  <div class=\"col-xs-6 col-sm-6 border-left right min-height-30\">\n                                                      <p>750 ML</p>                                                                                                                                </div>\n                                              </div>\n                                                     <div class=\"col-xs-12 nopadding items-info-orther bg-white\">\n                                                  <div class=\"col-xs-6 col-sm-6 left\"><strong><p>\n                                                     Giống nho:</p></strong>\n                                                  </div>\n                                                  <div class=\"col-xs-6 col-sm-6 border-left right min-height-30\">\n                                                      <p>Chardonnay, Pinot Meunier, Pinot Noir</p>                                                                    \n                                                      <p></p>                                                                    \n                                                      <p</p>                                                                                                                                </div>\n                                              </div>\n                        </div>\n                  </div>\n                  \n                 \n                        </div>\n                        \n                      </div>\n                      \n                  </div>\n                <div class=\"ttsp\">\n                    <h1>\n                        Những dòng Champagne Pháp không bao giờ khiến cho con người ta cảm thấy thất vọng bởi một phong cách đặc biệt có trong hương vị vang của quốc gia này. Xứng danh là một quốc gia hàng đầu về nền công nghiệp sản xuất rượu vang. Bởi vậy cho nên tất cả những chai vang ra đời từ nơi đây đều mang đến cho người dùng có được những trải nghiệm tuyệt vời mới mẻ nhất. Rượu Champagne Armand De Brignac Gold là điển hình tiêu biểu dành cho khách hàng tham khảo.\n\n                        Champagne Armand De Brignac Gold Là phiên bản chai rượu đầu tiên từ Hãng Armand de Brignac, Hiện nay chai Champagne này vẫn là chai Champagne mang tính biểu tượng nhất trong phạm vi vùng làm rượu Champagne. Đó là một bộ ba rượu vang được ca ngợi nhất của khu vực Champagne, Là chai rượu mang hương vị của trái cây tươi và sống động với kết cấu mềm mại.\n                        \n                    </h1>\n                    <img src=\"assets/product/ttsp-1.jpg\" alt=\"\" style=\"margin-left: 120px;\">\n                    <div class=\"h2\">\n                        <h1>Thông Tin Về Rượu Rượu Champagne Armand De Brignac Gold</h1>\n                        <h2>► Xuất Xứ: Pháp</h2>\n                        <h2>► Thương Hiệu: Armand De Brignac</h2>\n                        <h2>► Loại Vang: Champagne</h2>\n                        <h2>► Giống Nho: 40% Pinot Noir – 40% Chardonnay – 20% Pinot Meunier</h2>\n                        <h2>► Nồng Độ: 12.5 %</h2>\n                        <h2>► Dung Tích: 750 ML</h2>\n                        <h2>► Nhiệt Độ Phục Vụ: Nhiệt độ lý tưởng để thưởng thức từ 8 -12 độ C</h2>\n                        <h2>► Quy Cách: 6 Chai / Thùng</h2>\n                    </div>\n                    <h1>\n                        Mô Tả Hương Vị Của Rượu Champagne Armand De Brignac Gold\n\n                    </h1>\n                    <img src=\"assets/product/ttsp-2.jpg\" alt=\"\" style=\"margin-left: 100px;\">\n                    <h2>\n                        Nếu như có cơ hội được thưởng thức rượu Champagne của Pháp nói chung, thì chắc chắn rằng bạn có thể phân biệt được một cách hết sức rõ nét về rượu vang đến từ quốc gia này so với nhiều chai vang Champagne đến từ quốc gia khác trên thế giới. Sở dĩ có sự khác biệt đến như vậy là bởi vì một phong cách rất riêng của vang Pháp nói chung. Đó là một bí quyết sản xuất riêng của nhà làm rượu đồng thời là niềm tự hào, là nét đặc trưng của vang đến từ quốc gia này.\n\n                         Bạn dùng sẽ cảm thấy ấn tượng với chai vang ngay từ cái nhìn đầu tiên. Đó là vẻ đẹp bởi hình thức bên ngoài với một thứ ánh màu vàng rơm óng ả. Màu vàng là ánh màu của niềm tin, của biết bao tia hy vọng thắp sáng lên bên trong tâm hồn.\n\n                         Khi thưởng thức từng tầng lớp hương vị như kế tiếp nhau tấn công trong vòm họng những người thưởng thức vang. Đó là hương thơm của những trái cây chín như Hương đào, mơ, quả mọng đỏ, tiếp theo là cam quýt kết tinh, hoa cam và gợi ý của brioche. Vòm miệng phong phú với trái cây lạ, anh đào và một chút chanh, vani và mật ong. Hương vị của một chút hoa trắng rừng càng làm phong phú thêm hương vị của rượu vang.\n\n                         Nồng độ 12.5 % nhẹ nhàng đủ để bạn cảm nhận được sự phong phú trong lượng tanin mịn màng và 1 cấu trúc cân bằng của rượu.\n\n                         Rượu được đánh giá 95 điểm bởi “Christelle Guibert, Tạp chí Decanter, tháng 11 năm 2016”\n\n                          Medal – 2015 New York International Wine Competition\n\n                         Medal – 2015 San Francisco International Wine Competition\n                    </h2>\n                    <img src=\"assets/product/ttsp-3.jpg\" alt=\"\" style=\"margin-left: 120px;\">\n                    <h1>\n                        Hướng Dẫn Cách Thưởng Thức Rượu Champagne Armand De Brignac Gold\n                    </h1>\n                    <div class=\"huongdan\">\n                        <span>► Nhiệt Độ Phục Vụ:</span><h2>Nhiệt độ lý tưởng nhất khi thưởng thức rượu vang là nằm trong khoảng từ 8 -12 Độ C. Chính vì vậy việc cần làm đầu tiên khi thưởng thức rượu vang là bạn có thể ướp lạnh rượu vang trong sô đá khoảng 30 phút trước khi uống, Đặt rượu trong ngăn mát tủ lạnh hoặc tốt hơn nữa bạn hãy đặt trong tủ bảo quản rượu vang chuyên dụng.</h2>\n                        <span>► Món Ăn Kết Hợp:</span><h2>Các món ăn hải sản như tôm hấp, cua hấp, bề bề. Rượu vang trắng giúp giảm vị tanh của hải sản. Hoặc kết hợp với những loại thịt trắng như thịt gà , thịt ngan… Những đồ ăn vặt như hoa quả sấy, ô mai cũng đặc biệt thích hợp</h2>\n                        <span>► Động Tác Cần Thiết:</span><h2>Trước khi uống rót rượu ra ly các bạn cần lắc đều ly rượu vang mục đích để cho oxy thẩm thấu hòa tan vào trong rượu, giúp cho rượu dậy mùi hương hơn.</h2>\n                    </div>\n                    <h1>Bạn có thể quan tâm:</h1>\n\n                    <div class=\"drink-item-wrap all\">\n               \n                        <div class=\"drink-item salad-type\" style=\"margin-top: -200px;height: 400px;margin-left: 60px;\">\n                          <a href=\"./sanpham.html\">\n                            <div class=\"item-wrap bottom-up play-on-scroll\">\n                                <div class=\"item-img \" style=\"height: 250px;\">\n                                    <!-- <div class=\"img-holder bg-img\"> -->\n                                        <img src=\"assets/product/y-pd1.jpg\" alt=\"\" class=\"img-holder bg-img\">\n                                    <!-- </div> -->\n                                    <!-- <div class=\"item-img \" style=\"height: 300px;\">\n                                        <div class=\"img-holder bg-img\"\n                                            style=\"background-image: url('assets/home/ads/home11_1.jpg');\"></div>\n                                    </div> -->\n                                   \n                                    \n                                </div>\n                              \n                                    \n                                <p style=\"margin-left: 90px;margin-top: 10px;margin-bottom: 10px;\">$<span style=\"padding: 0;margin: 10px 0px;color: white;\">550</span></p>\n                                \n                                \n                                <div>\n                                    <div style=\"margin:0px 20px;\">\n                                        <a href=\"#\" style=\"margin-top: 140px;text-decoration: none;color: #000;font-size: 9px;\">  Rượu Champagne Armand De Brignac Gold – Champagne Át Bích\n                                        </a>\n                                    </div>\n                                </div>\n                               \n                                     <input type=\"number\" name=\"soluong\" min=\"1\" max=\"10\" value=\"1\" style=\"border-radius: 5px;width: 40px;\">   \n                                   \n                                \n                               \n                                    <button>By Now</button>\n                                    <button onclick=\"themvaogiohang(this)\" \n                                   ><i class='bx bx-cart-alt' style=\"font-size: 12px;\"></i></button>\n                               \n                            </div>\n                            \n                          </a>\n                        </div>\n                        <div class=\"drink-item salad-type\" style=\"margin-top: -200px;height: 400px;\">\n                            <a href=\"./sanpham.html\">\n                              <div class=\"item-wrap bottom-up play-on-scroll\">\n                                  <div class=\"item-img \" style=\"height: 250px;\">\n                                      <!-- <div class=\"img-holder bg-img\"> -->\n                                          <img src=\"assets/product/y-pd1.jpg\" alt=\"\" class=\"img-holder bg-img\">\n                                      <!-- </div> -->\n                                      <!-- <div class=\"item-img \" style=\"height: 300px;\">\n                                          <div class=\"img-holder bg-img\"\n                                              style=\"background-image: url('assets/home/ads/home11_1.jpg');\"></div>\n                                      </div> -->\n                                     \n                                      \n                                  </div>\n                                \n                                      \n                                  <p style=\"margin-left: 90px;margin-top: 10px;margin-bottom: 10px;\">$<span style=\"padding: 0;margin: 10px 0px;color: white;\">550</span></p>\n                                  \n                                  \n                                  <div>\n                                      <div style=\"margin:0px 20px;\">\n                                          <a href=\"#\" style=\"margin-top: 140px;text-decoration: none;color: #000;font-size: 9px;\">  Rượu Champagne Armand De Brignac Gold – Champagne Át Bích\n                                          </a>\n                                      </div>\n                                  </div>\n                                 \n                                       <input type=\"number\" name=\"soluong\" min=\"1\" max=\"10\" value=\"1\" style=\"border-radius: 5px;width: 40px;\">   \n                                     \n                                  \n                                 \n                                      <button>By Now</button>\n                                      <button onclick=\"themvaogiohang(this)\" \n                                     ><i class='bx bx-cart-alt' style=\"font-size: 12px;\"></i></button>\n                                 \n                              </div>\n                              \n                            </a>\n                          </div>\n\n                          <div class=\"drink-item salad-type\" style=\"margin-top: -200px;height: 400px;\">\n                            <a href=\"./sanpham.html\">\n                              <div class=\"item-wrap bottom-up play-on-scroll\">\n                                  <div class=\"item-img \" style=\"height: 250px;\">\n                                      <!-- <div class=\"img-holder bg-img\"> -->\n                                          <img src=\"assets/product/y-pd1.jpg\" alt=\"\" class=\"img-holder bg-img\">\n                                      <!-- </div> -->\n                                      <!-- <div class=\"item-img \" style=\"height: 300px;\">\n                                          <div class=\"img-holder bg-img\"\n                                              style=\"background-image: url('assets/home/ads/home11_1.jpg');\"></div>\n                                      </div> -->\n                                     \n                                      \n                                  </div>\n                                \n                                      \n                                  <p style=\"margin-left: 90px;margin-top: 10px;margin-bottom: 10px;\">$<span style=\"padding: 0;margin: 10px 0px;color: white;\">550</span></p>\n                                  \n                                  \n                                  <div>\n                                      <div style=\"margin:0px 20px;\">\n                                          <a href=\"#\" style=\"margin-top: 140px;text-decoration: none;color: #000;font-size: 9px;\">  Rượu Champagne Armand De Brignac Gold – Champagne Át Bích\n                                          </a>\n                                      </div>\n                                  </div>\n                                 \n                                       <input type=\"number\" name=\"soluong\" min=\"1\" max=\"10\" value=\"1\" style=\"border-radius: 5px;width: 40px;\">   \n                                     \n                                  \n                                 \n                                      <button>By Now</button>\n                                      <button onclick=\"themvaogiohang(this)\" \n                                     ><i class='bx bx-cart-alt' style=\"font-size: 12px;\"></i></button>\n                                 \n                              </div>\n                              \n                            </a>\n                          </div>\n                          </div>\n\n                          </div>\n                          \n                        </div>\n                        \n\n                    \n                </div>\n                \n                </div>\n               \n            </div>\n            <div class=\"boxphai\" style=\"margin-top:10px ;\" >\n                <div class=\"row mb \" >\n                    <div class=\"boxtitle \" style=\"color: white;\">TÀI KHOẢN</div>\n                    <div class=\"boxcontent formtaikhoan\">\n                        <form action=\"#\" method=\"post\">\n                            <div class=\"row mb10 \"style=\"color: #1d1c1c;\" >\n                                Tên đăng nhập<br>\n                                <input type=\"text\" name=\"user\" style=\"margin: 20px 0;\">\n                            </div>\n                            <div class=\"row mb10\" style=\"color: #1d1c1c;\">\n                                Mật khẩu<br>\n\n                                <input type=\"password\" name=\"pass\" style=\"margin: 20px 0;\">\n                            </div>\n                            <div class=\"row mb10\" style=\"color: #1d1c1c;\">\n                                <input type=\"checkbox\" name=\"\" > Ghi nhớ tài khoản?</div>\n                            <div class=\"row mb10\" style=\"color: #1d1c1c;\">\n                              <button><a href=\"./index.html\"></a>Đăng nhập</button>\n                                \n                            </div>\n                        </form>\n                        <li>\n                            <a href=\"#\">Quên mật khẩu</a>\n                        </li>\n                        <li>\n                            <a href=\"#\">Đăng ký thành viên</a>\n                        </li>\n                    </div>\n                </div>\n                <div class=\"row mb\">\n                    <div class=\"boxtitle\"  style=\"color: white\" >DANH MỤC</div>\n                    <div class=\"boxcontent2 menudoc\">\n                        <ul>\n                            <li>\n                                <a href=\"ds_spY.html\">Rượu Vang Ý</a>\n                            </li>\n                            <li>\n                                <a href=\"ds_spN.html\">Rượu Vang Nhật</a>\n                            </li>\n                            <li>\n                                <a href=\"ds_spP.html\">Rượu Vang Pháp</a>\n                            </li>\n                            <li>\n                                <a href=\"ds_spD.html\">Rượu Vang Đức</a>\n                            </li>\n                            <li>\n                                <a href=\"#\">Phụ Kiện</a>\n                            </li>\n                           \n                        </ul>\n                    </div>\n                    <div class=\"boxfooter searbox\">\n                        <form action=\"#\" method=\"post\">\n                            <input type=\"text\" name=\"\" id=\"\">\n                        </form>\n                    </div>\n                </div>\n                <div class=\"row\">\n                    <div class=\"boxtitle\" style=\"color: white;\">TOP 10 YÊU THÍCH</div>\n                    <div class=\"row boxcontent\">\n                        <div class=\"row mb10 top10\">\n                            <img src=\"assets/product/cd-pd5.jpg\" alt=\"\">\n                            <a href=\"#\">Sir Rodney's Marmalade</a>\n                        </div>\n                        <div class=\"row mb10 top10\">\n                            <img src=\"assets/product/cd-pd8.jpg\" alt=\"\">\n                            <a href=\"#\">Cate de Blaye</a>\n                        </div>\n                        <div class=\"row mb10 top10\">\n                            <img src=\"assets/product/d-pd2.jpg\" alt=\"\">\n                            <a href=\"#\">Tharinger Rostbratwurst</a>\n                        </div>\n                        <div class=\"row mb10 top10\">\n                            <img src=\"assets/product/a-pd5.jpg\" alt=\"\">\n                            <a href=\"#\">Mishi Kobe Niku</a>\n                        </div>\n                        <div class=\"row mb10 top10\">\n                            <img src=\"assets/product/cd-pd4.jpg\" alt=\"\">\n                            <a href=\"#\">Sir Rodney's Marmalade</a>\n                        </div>\n                        <div class=\"row mb10 top10\">\n                            <img src=\"assets/product/a-pd6.jpg\" alt=\"\">\n                            <a href=\"#\">Cate de Blaye</a>\n                        </div>\n                        <div class=\"row mb10 top10\">\n                            <img src=\"assets/product/cd-pd4.jpg\" alt=\"\">\n                            <a href=\"#\">Tharinger Rostbratwurst</a>\n                        </div>\n                        <div class=\"row mb10 top10\">\n                            <img src=\"assets/product/y-pd1.jpg\" alt=\"\">\n                            <a href=\"#\">Mishi Kobe Niku</a>\n                        </div>\n                    </div>\n                </div>\n            </div>\n        </div>\n        <section id=\"foos\" class=\"foost\">\n\n            <footer>\n                <div class=\"footer-top\">\n                    <div>\n                        <div class=\"row\">\n                            <div class=\"col-3 item1\">\n                                <a href=\"#\">\n                                    <img src=\"assets/Panader-logo-footer.png\">\n                                </a>\n                                <p class=\"textwidget\">Just like a perfectly baked pastry, we created Panadería \n                                    with special love – and it shows.</p>\n                            </div>\n                            <div class=\"col-3 item2\">\n                                <h3 class=\"widget-title\">Useful Links</h3>\n                                <div class=\"widget-body\">\n                                    <div class=\"widget-item \">\n                                        <a href=\"#\" class=\"widget-link\">\n                                            <svg width=\"16px\" xmlns=\"http://www.w3.org/2000/svg\" xmlns:xlink=\"http://www.w3.org/1999/xlink\" x=\"0px\" y=\"0px\" viewBox=\"0 0 48 47.5\" style=\"enable-background:new 0 0 48 47.5;\" xml:space=\"preserve\">\n                                                <g>\n                                                <path class=\"st0\" d=\"M22.3,47.7c-1.1,0.7-0.9-0.7-1.8-1.1c-0.8-0.4-1.9,0-2.6-0.4c-1.8-0.9-5.3-4.1-7-5.9C3.6,32.5-3.4,13.3,5,5\n                                                        c1.3-1.3,3.9-3,6.3-3.3c6.5-0.9,9.6,2.8,12.1,6.6c2.8-1.9,3.5-4.6,6.3-5.9c7.7-3.7,15.8,2.1,16.6,8.5c1.3,10-3.2,21.4-9.9,27.6\n                                                        c-2,1.9-4.5,3.6-6.6,5.2C27.3,45.3,24.6,46.6,22.3,47.7z M6.1,10.9c1-2.5,5-4,5.2-5.9C8.6,5.7,5.7,8.2,6.1,10.9z M38.9,6.8\n                                                        c-1.5-1-5.1-2.9-7-1.1c1.9,0.4,2.8-0.5,3.3,1.1c-1.3,1.2-2.7,2.7-4.4,4c-1.5,1.1-4.3,1.8-4,3.7c3.9-2.6,6.6-6.4,11.8-7.7\n                                                        C38.5,7,38.8,7.2,38.9,6.8z M14.6,14.9c-2.1,1.9-4.3,4-6.6,5.2c-0.5-0.4-1.1-0.6-1.5-1.1c0-3.3,3.4-4.6,5.2-6.3\n                                                        c2-1.9,3.6-4.2,6.3-5.2c-1.3-1.8-3.3-0.1-4.4,0.7c-2.3,1.8-4.5,5.6-6.6,7C6,15.1,6.1,16,5,15.7c0.9,3.1,0.3,6.3,2.2,8.8\n                                                        c1-1,2.3-1.6,3.3-2.6c-0.6-0.1-0.8-0.6-0.7-1.5c0.8-0.3,0.6-1.2,1.1-1.8c2.6-3.2,6.9-5,9.9-7.7C18.4,9.5,16.5,13.2,14.6,14.9z\n                                                            M29,16.8c-1.2,0.2-1.4-0.5-2.2-0.7c-3.5,2.6-6.4,7.4-11.8,7c-1.9,2.4-5.3,3.2-6.6,6.3c0.7,0.1,0.2,1.2,0.7,1.5\n                                                        c2.7-1.6,5.7-3.8,8.8-5.9c2.5-1.6,6.5-6,9.9-2.9c-5.1,4.6-11.9,7.5-16.6,12.5c1.5,0.7,2.6-1.1,3.7-1.8c4.3-3.2,9.4-8.2,14.7-8.1\n                                                        c3.3-1.6,6.7-3.1,9.9-4.8c0.4,0.3,1,0.5,1.8,0.4c0.2-1.9,0.7-3.5,0.7-5.5c-5.2,1.8-8.1,5.9-12.9,8.1c0-1.1-1.6-0.6-1.5-1.8\n                                                        c0.7-2.4,3.3-3.5,5.2-4.8c2-1.4,4.1-2.9,6.3-4c0.9-1,1.8,0,2.6-0.7C41.2,10.3,40.9,9,40,8.3C36.7,11.5,33.3,14.6,29,16.8z M16.5,19\n                                                        c3.1-0.6,4.2-3.2,7-4c0.1-0.9-0.6-1.2-1.1-1.5C20.7,15.6,18.3,17.1,16.5,19z M31.2,37.4c4.1-3.5,7.6-7.6,9.2-13.6\n                                                        c-0.1-0.3-0.3-0.4-0.7-0.4c-3.4,2.3-7.1,4.1-11.4,5.5c-0.7,0-0.5-1-1.5-0.7c-4.2,3.3-8.3,6.6-12.9,9.6c1.2,0.5,1.4,2,2.9,2.2\n                                                        c1.5-1.3,4.1-3.8,7-5.9c2.5-1.8,7.2-5.8,9.6-4.4c0.7,0.4,0.9,0.9,1.1,1.5c-5.3,3.5-10.5,6.9-14.7,11.4\n                                                        C24.9,45.2,26.7,36.6,31.2,37.4z\"></path>\n                                                </g>\n                                                </svg>\n                                            <span>ABOUT US</span>\n                                        </a>\n                                    </div>\n                                    <div class=\"widget-item\">\n                                        <a href=\"#\" class=\"widget-link\">\n                                            <svg width=\"16px\" xmlns=\"http://www.w3.org/2000/svg\" xmlns:xlink=\"http://www.w3.org/1999/xlink\" x=\"0px\" y=\"0px\" viewBox=\"0 0 22 28\" style=\"enable-background:new 0 0 22 28;\" xml:space=\"preserve\">\n                                                <g>\n                                            <path class=\"st0\" d=\"M19.7,11.4c1,0,1.3,1.8,1.6,2.6c0.4,1.3,0.7,2.5,0.7,3.7c0,1.3-0.4,2.5-0.9,3.6c-0.3,0.9-0.8,1.5-1.3,2.2\n                                                    c-0.5,0.6-0.9,1-1.6,1.5c-0.4,0.2-0.6,0.6-0.9,0.8c-0.4,0.3-1,0.5-1.5,0.7c-0.5,0.3-1.1,0.4-1.7,0.5c-0.2,0.1-0.5,0.3-0.7,0.3\n                                                    c-0.9,0.2-1.9,0.1-2.8,0.1c-1.5,0-2.9,0.1-4.2-0.4c-0.3-0.1-0.7-0.3-1-0.5c-2-1-3.6-2.8-4.6-5c-0.1-0.3-0.3-0.5-0.4-0.7\n                                                    C0,19.7-0.1,17.7,0.1,16c0.1-1.2,0.4-2.6,0.8-3.6c0.4-1,0.7-1.6,1.4-2.5c0.5-0.7,1-1.1,1.6-1.7c0.5-0.5,1-0.8,1.8-1.3\n                                                    C6,6.6,6.6,6.2,7,6.1C7.8,5.9,8.4,6,9.3,5.8c0.3-1.2,0.6-2.3,1.3-3.1c0.5-0.6,1.7-1.6,2.6-1.9c0.6-0.2,1.4-0.3,2.1-0.4\n                                                    c3-0.4,5.3,2,5.5,4.6c0,0.8,0.1,1.8,0,2.6C20.7,9.1,20.2,10.3,19.7,11.4z M16.8,1.4c-1.1,0.5-2.2,1.4-3.4,1.8\n                                                    c-0.1,0.1,0,0.3-0.1,0.4C12.2,4.4,11,5.1,10,6c0,0.1,0,0.2,0,0.3c1.1-0.8,2.1-1.7,3.2-2.4c1.3-0.8,2.8-1.4,3.9-2.4\n                                                    C17,1.4,16.8,1.4,16.8,1.4z M14.8,1.5c-0.1,0.1-0.2,0.2-0.3,0.2c-0.3,0.2-0.8,0.4-1.2,0.6c-0.3,0.2-0.9,0.4-0.8,0.8\n                                                    c0.7-0.2,1.4-0.9,2-1.3C14.6,1.8,15.1,1.6,14.8,1.5C14.9,1.5,14.9,1.5,14.8,1.5z M11.7,3.1c0.7-0.4,1.5-0.8,2.1-1.4\n                                                    C13,1.9,12.3,2.5,11.7,3.1z M18.1,1.9c-0.5,0.6-1.4,0.8-1.9,1.5c0.1,0,0.3,0,0.4,0c0.6-0.4,1.3-0.7,1.8-1.3\n                                                    C18.3,2,18.2,1.9,18.1,1.9z M15.1,3.2c0.1,0.1,0.3,0,0.5,0c0.3-0.3,1-0.5,1.3-0.8c0,0,0.2-0.3,0.1-0.3C16.3,2.5,15.7,2.8,15.1,3.2z\n                                                     M18.7,2.4c-0.5,0.4-1.2,0.7-1.7,1c0.2,0.9,1.7-0.6,1.9-0.9C18.9,2.5,18.9,2.4,18.7,2.4z M19.2,3C18.8,3.4,18,3.5,17.6,4\n                                                    c0.1,0.2,0.2,0.3,0.4,0.3c0.5-0.4,1.1-0.6,1.5-1.1C19.5,3.1,19.4,3,19.2,3z M11.4,4.6c0.4-0.3,1.4-0.9,0.8-1.2\n                                                    c-0.7,0.6-1.9,0.9-1.9,2C10.5,5.2,10.9,4.9,11.4,4.6z M11,3.7c0.1,0,0.2-0.1,0.2-0.2C11.1,3.4,11.1,3.6,11,3.7z M18.1,4.6\n                                                    c0,0.2,0,0.2,0,0.3c0.7-0.2,1.3-0.6,1.6-1.1C19.2,3.8,18.7,4.4,18.1,4.6z M17.8,5.9c-0.4-1.8-3-2.5-4.3-1c-1,1.4-0.3,3.9,1.4,4.2\n                                                    C15,9.1,15,9.3,15.1,9.4C16.8,9.2,18.3,7.7,17.8,5.9z M18.6,5.7c0.6-0.3,1.6-0.5,1.4-1.3C19.4,4.8,18.1,4.9,18.6,5.7z M12.5,4.9\n                                                    c-0.6,0.6-1.8,1.1-2.4,1.8C10,6.7,10,7,10,7.1c0.7-0.4,1.5-1.2,2.1-1.7c0.2-0.2,0.5-0.3,0.5-0.6C12.6,4.9,12.5,4.9,12.5,4.9z\n                                                     M18.6,6.1c-0.1,0.3-0.1,0.5,0,0.8c0.3-0.1,0.6-0.4,0.9-0.6c0.2-0.2,0.7-0.4,0.6-0.8C19.5,5.6,19.1,5.8,18.6,6.1z M10.1,7.6\n                                                    c-0.1,0.1,0,0.4,0,0.5c0.5-0.4,1.1-0.9,1.6-1.3C12,6.6,12.5,6.5,12.3,6C11.4,6.4,10.8,7,10.1,7.6z M20,6.7c-0.6,0.7-1.9,0.9-2,1.9\n                                                    c0.8-0.5,1.5-1.1,2.1-1.8C20.2,6.7,20.1,6.6,20,6.7z M18.4,7.3C18.8,7.3,19,7,19.2,6.8C18.9,6.9,18.5,6.9,18.4,7.3z M6.8,7.4\n                                                    C6.5,7.7,6.4,8.5,6.2,8.9c0,0-0.1,0.1,0,0c-0.2,0.8-0.3,1.7-0.4,2.4c1.2-0.2,2.5-0.2,3.7-0.4C9.4,9.5,9.5,8.3,9.3,6.9\n                                                    C8.4,6.8,7.2,6.8,6.8,7.4z M12.2,7c-0.4,0.1-1.9,1.1-1.9,1.4c-0.1,0.4,0.2,0.8,0.4,1.1c0.3-0.3,0.7-0.6,1.1-0.9\n                                                    c0.4-0.3,1-0.5,0.8-1c-0.8,0.3-1.3,0.9-2,1.3C10.9,8,11.9,7.8,12.4,7C12.3,7,12.3,7,12.2,7z M17.2,9.7c-0.1,0-0.1-0.1-0.3-0.1\n                                                    C16.7,9.8,17,9.8,17,10c-0.2,0.2-0.6,0.4-0.6,0.8c-1.3,0.9-2.7,1.6-3.7,2.7c0.1,0.2,0.2,0.4,0.4,0.4c1.2-1.1,2.4-2.2,3.8-3.2\n                                                    c0-0.1,0-0.2,0-0.2c0.8-0.9,1.9-1.5,2.8-2.3c0.1-0.1,0.3-0.3,0.3-0.6C19,8.2,18.1,8.9,17.2,9.7z M5.5,8.2c-1.4,1.2-2.7,2.5-3.4,4.3\n                                                    c1-0.2,1.8-0.6,2.8-0.9C5,10.4,5.4,9.3,5.5,8.2C5.6,8.2,5.6,8.2,5.5,8.2z M12.7,8.4c-0.1,0-0.2,0.2-0.3,0.3\n                                                    c-0.6,0.4-1.9,0.9-1.6,1.6c0.2-0.1,0.3-0.3,0.5-0.5c0.5-0.5,1.2-0.8,1.6-1.4C12.8,8.4,12.8,8.4,12.7,8.4z M17.7,10.2\n                                                    c0.1,0,0.1,0.2,0.3,0.2c0.6-0.4,1-0.9,1.6-1.3C19.7,9,20,9,19.9,8.7c0-0.1-0.1-0.1-0.1-0.1C19.2,9.2,18.2,9.5,17.7,10.2z M13.1,8.9\n                                                    c-0.7,0.6-1.5,1-2.1,1.7c0,0.2,0.1,0.2,0.1,0.3c0.5-0.2,0.8-0.6,1.1-0.9c0.5-0.2,0.9-0.5,1.2-1C13.3,9,13.3,8.9,13.1,8.9z\n                                                     M12.5,10.3c-0.6,0.4-1.3,0.6-1,1.4c0.7-0.7,1.7-1.3,2.3-2C13.3,9.5,13,10,12.5,10.3z M17.8,11c0.2,0,0.2,0.2,0.4,0.2\n                                                    c0.3-0.6,1.5-0.8,1.3-1.6C19,10.1,18.3,10.4,17.8,11z M16.2,9.9c-0.4,0-0.6,0.3-0.9,0.5c-0.9,0.6-2,1.2-2.7,1.8\n                                                    c-0.2,0-0.5,0.1-0.6,0.2c0.1,0.3,0.2,0.5,0.4,0.6C13.6,11.9,15,11,16.2,9.9C16.3,9.9,16.2,9.9,16.2,9.9z M14.4,10\n                                                    c-0.2,0.3-0.7,0.4-1,0.7c-0.3,0.2-0.6,0.5-0.8,0.7c-0.3,0.2-0.8,0.4-0.7,0.9c0.6-0.1,1-0.8,1.6-1.1c0.8-0.1,1.2-0.6,1.7-1\n                                                    C14.9,10,14.6,10,14.4,10z M13.4,14.2c0.1,0.1,0.1,0.3,0.3,0.3c1.1-1.2,2.4-2.1,3.7-3.1c-0.2-0.2,0.1-0.4-0.1-0.5\n                                                    C15.9,11.8,14.5,12.8,13.4,14.2z M14,14.6c0,0.1,0.2,0.2,0.2,0.2c1.3-0.9,2.2-2.2,3.6-3c0,0.1,0.1,0.1,0.1,0.2c-1,1-2.6,1.8-3.4,3\n                                                    c0.2,0.1,0.3,0.2,0.5,0.2c0.6-0.9,1.5-1.4,2.3-2c0.1,0,0.2,0,0.3,0c0.2-0.3,0.4-0.7,0.7-1.1c0.2-0.4,0.6-0.7,0.5-1.1\n                                                    C17,12,15.3,13.1,14,14.6z M10.2,11.8c-0.2,1.4,0,3.2,0,4.9c2.1,0.2,3.5,0.2,5.7,0.2c0-0.2,0.1-0.2,0-0.4c-0.2-0.1-0.3,0.2-0.6,0.1\n                                                    c-0.3-0.2-0.5-0.5-0.7-0.8c-1.8-0.8-2.9-2.4-3.8-4C10.6,11.8,10.4,11.8,10.2,11.8z M5.6,12.4c-0.1,1.4-0.3,3-0.3,4.2\n                                                    c1.2,0.3,2.6,0.2,4,0.2c0.1-1.7,0.1-3.4,0-4.9C8.2,11.9,6.7,12.1,5.6,12.4z M19,12.6c-0.6,1.1-1.5,2-2.3,2.9c0.1,0.5,0,0.9,0.1,1.3\n                                                    c1.3,0,2.8,0.3,4,0.1C20.9,15.3,19.9,13.4,19,12.6z M1.6,13.7c-0.4,0.9-0.5,2-0.7,3.1c1.2,0.1,2.4,0.1,3.6,0c0-1.1,0.4-2.8,0.2-4\n                                                    C3.6,13,2.6,13.4,1.6,13.7z M15.3,15.5c0.7,0.2,1-0.8,1.5-1.2C16.2,14.6,15.6,14.9,15.3,15.5z M0.9,17.7c0,0.9,0.1,1.8,0.3,2.5\n                                                    c0.9,0.7,2.1,1,3.5,1.3c0.1-1.3-0.1-2.6-0.2-3.8C3,17.7,2.1,17.6,0.9,17.7z M5.2,17.8c0.1,1.2,0.2,2.6,0.3,3.8\n                                                    C6.7,21.9,8.2,22,9.6,22c-0.1-1.5-0.1-2.8-0.2-4.3c-1.2,0-2.7-0.1-4-0.1C5.3,17.6,5.2,17.7,5.2,17.8z M10.2,17.8\n                                                    c0,1.5,0,2.8,0.2,4.3c1.5,0.2,3.3,0,4.9-0.2c0.4-1.1,0.6-2.7,0.6-3.9C14.3,17.7,12,17.6,10.2,17.8z M16.7,17.9\n                                                    c0,1.2-0.3,2.5-0.5,3.6c1.5,0.1,2.7-0.8,4-0.9c0.4-0.7,0.6-1.6,0.6-2.6C19.4,17.8,18.3,17.9,16.7,17.9z M5.5,25.4\n                                                    c-0.3-1-0.5-2.1-0.7-3.1c-1.2-0.2-2-0.6-3.1-1C2.5,23.2,3.5,24.8,5.5,25.4z M15.9,22.6c-0.3,1.1-0.7,2-1,3c2.2-0.6,3.7-2,4.8-3.8\n                                                    C18.4,21.9,17.2,22.4,15.9,22.6z M5.7,22.5c0,0.5,0.2,1.2,0.3,1.8c0.1,0.5,0.3,1.3,0.6,1.5c0.3,0.3,1.2,0.3,1.8,0.5\n                                                    c0.4,0.1,0.8,0.3,1.2,0.1c-0.1-0.8,0.2-2.3,0-3.5C8.2,22.8,7.1,22.7,5.7,22.5z M10.4,23c0,1.1,0.1,2.5,0,3.6c1.3,0,2.3-0.2,3.3-0.5\n                                                    c0.6-1,1.1-2.1,1.4-3.4C13.6,22.9,11.8,22.9,10.4,23z\"></path>\n                                            </g>\n                                            </svg>\n                                            <span><a href=\"https://www.google.com/maps/place/313+S+Maclay+Ave,+San+Fernando,+CA+91340,+Hoa+K%E1%BB%B3/@34.2823229,-118.4451155,17z/data=!3m1!4b1!4m5!3m4!1s0x80c2904a5eb192a1:0x73f25f3cf0de68ba!8m2!3d34.2823229!4d-118.4429268\">LOCATIONS</a></span>\n\n                                        </a>\n                                    </div>\n                                    <div class=\"widget-item\">\n                                        <a href=\"#\" class=\"widget-link\">\n                                            <svg width=\"16px\" xmlns=\"http://www.w3.org/2000/svg\" xmlns:xlink=\"http://www.w3.org/1999/xlink\" x=\"0px\" y=\"0px\" viewBox=\"0 0 37 47.5\" style=\"enable-background:new 0 0 37 47.5;\" xml:space=\"preserve\">\n                                                <g>\n                                                <path class=\"st0\" d=\"M33,47.1c-9.1,0.9-19.8,0-29-0.2c-1.2-2-1.1-4.2-1.2-7.6c0-1.8-0.5-3.7-0.7-5.4C1.2,24,0.8,15.1,1.2,3.7\n                                                        C2.6,2,5,2.6,7.3,2.5c5.9-0.2,13.1-0.4,18.4-1.7c1.5-0.3,3.5,2.9,4.5,4c1.3,1.6,2.3,3.2,3.3,4.5c-1.2,10.1,1.3,23.8,1.4,35.4\n                                                        C34.1,45.4,33.6,46.3,33,47.1z M25.2,4.7c0.2-0.3,0.5-0.4,0.9-0.5c0.1-0.6-0.3-0.8-0.9-0.7C25.1,3.6,24.7,4.6,25.2,4.7z M22.4,4\n                                                        C15.3,5,11.6,4.7,4,4.9c-0.8,6.5-0.1,10.8,0,17c0,2.9-0.1,5.8,0.2,8.7c0.4,2.8,0.7,5.6,1.2,8.5c-1.5,1.5-0.3,3.2,0.2,5.4\n                                                        c4.6,1,10,0.2,15.1,0.5c4.2,0.2,8.4,0.7,11.8-0.2c0-11-1.9-21.4-1.7-33.5c-2.6,0.3-4.4,1.4-7.3,1.4C22.5,10,23.2,6.8,23.1,4\n                                                        c-0.2,0-0.3,0-0.5,0C22.6,4,22.5,4,22.4,4z M25,6.5C25.1,7,24.7,7.9,25.2,8c0.7-0.9,2.1-1.2,2.8-2.1c-0.8,0.3-0.2-0.8-0.9-0.5\n                                                        C26.7,6,26.2,6.6,25,6.5z M25.2,10.3c0.3,0.4,1.3-0.6,2.4-0.2c-0.4-1.4,1.7-1.6,1.2-2.4C27.7,8.7,26.2,9.3,25.2,10.3z\"></path>\n                                                    <path class=\"st0\" d=\"M22.4,11.3c-0.7,1.8-3.2,0.8-4.7,0.7c-2.1-0.1-4.3-0.2-6.6-0.2c-1.7,0-3.1,0.7-4.5-0.2\n                                                        c-0.3-2.4,2.6-1.8,4.5-1.7c1.9,0.1,4.4,0.2,6.6,0.2C19.4,10.1,21.9,9.4,22.4,11.3z\"></path>\n                                                    <path class=\"st0\" d=\"M28.1,16.9c-0.5,2.1-1.8,1-3.3,0.9c-4.6-0.2-9.7,0.2-13.7,0.7c-1.3,0.2-3.5,0.9-4.2-0.7\n                                                        c-0.1-1.5,1.9-1.2,2.8-1.4c3.6-0.7,8.5-0.9,12.3-0.7C24,15.8,26.9,15,28.1,16.9z\"></path>\n                                                    <path class=\"st0\" d=\"M27.1,22.8c-0.7,1.8-2.8,0.9-4.5,0.9c-2.5,0.1-5.2,0.3-7.6,0.5c-2.9,0.3-6.2,1.8-8,0c0-1.8,1.9-1.2,3.3-1.4\n                                                        c2.9-0.4,6.8-1,11.1-1.2C23.6,21.5,26.2,21.2,27.1,22.8z\"></path>\n                                                    <path class=\"st0\" d=\"M28.8,31.1c-0.1,1.8-1.9,1-3.3,0.9c-1.3-0.1-2.9,0.2-4.2,0.2c-3.4,0-7.2-0.6-10.2-0.2c-1.6,0.2-2.8,1.3-3.8,0\n                                                        c0.9-3.1,5.4-2.3,9-2.1c2.1,0.1,4.3,0,6.6,0C25.1,29.9,27.7,29.3,28.8,31.1z\"></path>\n                                                    <path class=\"st0\" d=\"M29,37.5c-0.2,1.8-2,1-3.1,1.2c-4,0.6-8.5,1.1-13.2,1.7c-1.3,0.2-3.2,0.7-4.3-0.5c0-2.2,3.5-1.9,5.7-2.1\n                                                        c3.7-0.5,7.8-0.7,11.8-0.9C27,36.7,29.2,36,29,37.5z\"></path>\n                                                </g>\n                                            </svg>\n                                            <span>CAREERS</span>\n                                        </a>\n                                    </div>\n                                    <div class=\"widget-item\">\n                                        <a href=\"#\" class=\"widget-link\">\n                                            <svg width=\"16px\" xmlns=\"http://www.w3.org/2000/svg\" xmlns:xlink=\"http://www.w3.org/1999/xlink\" x=\"0px\" y=\"0px\" viewBox=\"0 0 24 29.5\" style=\"enable-background:new 0 0 24 29.5;\" xml:space=\"preserve\">\n                                                <path class=\"st0\" d=\"M10.2,10.1c1.5,2.3,2.9,4.9,4.6,7.2c0.3,0.4,0.8,1.2,1.1,1.2c0.6,0.1,1.6-0.5,2.2-0.8c1-0.4,1.9-0.9,2.7-0.6\n                                                        c1.3,2.1,3.4,3.6,3.2,6.8c-0.9,1.3-2,2-3.4,3.1c-1,0.8-1.8,1.5-2.9,2.1c-0.7,0.4-2.1,0.6-3.1,0.1c-1.5-0.6-3-2.5-4.1-3.9\n                                                        C9.2,23.8,8,22.5,7,20.9c-2-2.9-3.6-5.5-5-8.9c-0.5-1.1-1.3-2.9-1-4.7C1,6.8,1.7,5.6,2,5.1c0.9-1.3,2.5-2.7,3.7-3.6\n                                                        C5.8,1.2,5.9,0.9,6,0.6c2.2-1.1,3.5,0.8,4.8,2.3c0.9,1,1.6,2,1.8,2.9C13.3,7.9,11.2,8.8,10.2,10.1z M7.3,1.5c0.2,0,0.2-0.1,0.3-0.2\n                                                        c-0.1,0-0.2-0.1-0.3-0.1C7.2,1.4,7.3,1.3,7.3,1.5z M8.3,2.3c0.1-0.1,0.4-0.4,0.1-0.5C8.4,1.9,8.1,2.1,8.3,2.3z M5.9,2.5\n                                                        c0,0.2,0.1,0.3,0.3,0.3c0-0.2,0.1-0.3,0.1-0.5C6,2.3,6,2.4,5.9,2.5z M6.9,6.9C7.2,6.8,7.3,6.4,7.3,6c0.4-1,1-2.3,0.9-3.7\n                                                        C7.8,3.9,6.9,5.3,6.9,6.9z M9.1,3.1C9.3,3.2,9.4,3,9.6,3c0-0.3-0.1-0.5-0.3-0.5C9.1,2.6,9.2,2.9,9.1,3.1z M3.7,6.8\n                                                        c0.6-0.5,0.7-1.5,1-2.3C4.9,4.2,5.1,3.6,5,3.3C4,3.9,4.1,5.5,3.7,6.8z M8.6,7.9c0.6,0,0.7-0.8,0.8-1.3C9.7,5.7,9.7,4.7,10.2,4\n                                                        c0.2-0.1,0.2,0.1,0.3,0.1c0-0.4-0.3-0.4-0.5-0.6C9.6,5,9,6.4,8.6,7.9z M10.8,5.1c0-0.2,0.3-0.2,0.3-0.4c0-0.1-0.1-0.2-0.2-0.2\n                                                        C10.8,4.7,10.6,5,10.8,5.1z M9.6,9C9,9.1,8.8,9.6,8.7,10.2c0.4,0,0.4-0.3,0.4-0.5c0.4-0.3,0.9-0.6,1.1-1.1C10.1,8.5,10,8.5,10,8.3\n                                                        c0.2-1,0.7-2,0.6-3C10.3,6.5,9.8,7.6,9.6,9z M10.7,8.1c0.7-0.3,1.5-1.4,0.8-2.2C11.3,6.6,11,7.4,10.7,8.1z M6.1,6.8\n                                                        c0-0.3,0-0.6-0.1-0.8C6,6.3,5.6,6.9,6.1,6.8z M7.9,7.5c0.1-0.4,0.3-1,0.2-1.3C8,6.5,7.4,7.2,7.9,7.5z M2.1,7.3\n                                                        c0-0.1,0.2-0.4,0.1-0.5C2.1,6.9,1.9,7.2,2.1,7.3z M5.7,11.1c0.2-1.4,1-3.1,0.8-4.2c0,0-0.1,0-0.1,0C6.5,8.4,5.5,9.7,5.7,11.1z\n                                                        M1.8,8.5C2,8.4,2.2,7.5,2,7.5C1.9,7.8,1.8,8.1,1.8,8.5z M3.6,11.3C4,10.4,4.3,8.7,4.2,7.7C3.9,8.8,3.4,10.1,3.6,11.3z M4.6,10.2\n                                                        c-0.1,0.3-0.3,0.9,0.1,1c0.2-0.9,0.5-2.3,0.5-3.4C5.1,8.6,4.8,9.5,4.6,10.2z M8,9.6c0.1-0.3,0.5-0.9,0.2-1.2C8.1,8.7,7.8,9.2,8,9.6z\n                                                        M2.5,9.4c0.1,0.7-0.4,1.4,0.2,1.6c0.2-0.5,0.1-1.2,0.2-1.7C2.9,9.1,2.6,9.4,2.5,9.4z M9.3,10.7c0,0.2,0.1,0.2,0.3,0.2\n                                                        C9.6,10.8,9.5,10.7,9.3,10.7C9.3,10.7,9.3,10.8,9.3,10.7z M9.6,12.2c0.3,0,0.6-0.1,0.7,0.1c0.1,0.1,0,0.5,0.1,0.6c0.1,0,0.3,0,0.4,0\n                                                        c-0.2-0.6-0.6-1.2-1-1.6C9.7,11.6,9.7,11.9,9.6,12.2z M5.7,12c0-0.2-0.1-0.3,0-0.5C5.4,11.4,5.2,12.1,5.7,12z M3.8,12.5\n                                                        c0.1-0.2,0.2-0.4,0.1-0.7c-0.1,0-0.2,0-0.2-0.1C3.7,12,3.6,12.3,3.8,12.5z M6.9,15.3c0.3-0.8,0.7-1.9,0.8-2.7\n                                                        C7.4,13.4,6.8,14.3,6.9,15.3z M5.7,15.8c-0.2,0-0.1,0.3-0.3,0.3C4.9,16,5.1,15.3,5,14.9c-0.1-0.2-0.4-0.2-0.3-0.4\n                                                        c0-0.5,0.1-0.8,0-1.1c-0.9,1.4,0.4,2.8,1.1,3.7c0-1.4,0.7-2.8,0.6-3.8C6.1,14.1,5.6,14.9,5.7,15.8z M11.4,14.8\n                                                        c0.2,0,0.3-0.1,0.5-0.1c0-0.2-0.2-0.4-0.3-0.5C11.6,14.5,11.4,14.5,11.4,14.8z M7.2,17.2c-0.1,0.4,0,1-0.4,1.2\n                                                        c-0.5-0.2-0.3-0.6-0.3-1.1c-0.3-0.2-0.2,0.3-0.5,0.3c0.5,0.7,0.8,1.6,1.5,2.1c-0.5-1.5,0.4-3.3,0.3-4.7C7.6,15.7,7.4,16.5,7.2,17.2z\n                                                        M12.1,16.1c0.3,0.1,0.7,0,0.8,0.3c0,0.3-0.1,0.5-0.1,0.8c0.4-0.1,0.7-0.1,0.9,0.1c-0.5,2.4-1.4,5.1-1.8,7.3c-0.1,0.4-0.2,1,0.3,1.1\n                                                        c0.3-2.8,1-5.2,1.5-7.7c0.1-0.1,0.2-0.2,0.3-0.3c-0.6-0.8-1.1-1.7-1.8-2.5C12.2,15.5,12.1,15.8,12.1,16.1z M6.4,17\n                                                        c0.3-0.3,0.4-1.2,0.3-1.6C6.6,15.9,6.5,16.5,6.4,17z M9.4,21.4c-0.1,0.4-0.3,1,0.1,1.2c0.4-2.4,1.4-4.7,1.6-7.1\n                                                        C10.5,17.3,9.8,19.3,9.4,21.4z M19.7,18c-0.5,2.8-0.8,6.3-1,9c-0.2,0-0.3,0.2-0.5,0.2c-0.2-0.7-0.2-1.8-0.1-2.7\n                                                        c0.1-1.6,0.4-3.6,0.5-5.2c0-0.2,0.2-0.7-0.1-0.9c-0.5,0.2,0,0.4,0,0.8c-0.7,2.8-1,6.2-1.4,9.1c0.6,0,0.6-0.5,1-0.7\n                                                        c0.6-0.1,0.8-0.4,1.2-0.7c0-2.7,0.6-5.8,0.5-8.5c0.1-0.2,0.3-0.2,0.3-0.5C19.9,17.9,20,18,19.7,18z M20.6,22.3\n                                                        c0.2-1,0.4-2.7,0.2-3.6C20.7,19.7,20.4,21.1,20.6,22.3z M17.3,19.2c-0.2,1.6-0.4,3.2-0.7,4.7c-0.2,1.6-0.7,3.1-0.5,4.6\n                                                        c0.6,0,0.4-0.7,0.4-1c0.2-2.9,0.6-5.8,1.1-8.5c0-0.1-0.1-0.1-0.1-0.1C17.4,19.1,17.4,19.2,17.3,19.2z M16.1,20.5\n                                                        c-0.6,1.8-0.8,4.3-1.1,6.3c-0.1,0.5-0.5,1.3,0.1,1.6c0.4-1.2,0.4-2.6,0.5-4c0.2-1.3,0.5-2.7,0.6-4c0-0.1-0.1-0.1-0.1-0.1\n                                                        C16.1,20.3,16.1,20.4,16.1,20.5z M13.4,27.2c0.2,0.3,0.5,0.7,0.9,0.6c-0.1-2.1,0.4-5,0.9-7.2c0-0.1-0.1-0.1-0.1-0.1\n                                                        C14.4,22.7,14,25.1,13.4,27.2z M10.8,21.3c0-0.1,0.2-0.5,0.1-0.5C10.8,20.9,10.6,21.2,10.8,21.3z M10.3,23.6c0-0.8,0.6-1.7,0.3-2.1\n                                                        C10.6,22.1,10,22.9,10.3,23.6z M11.1,23.1c-0.1,0.5-0.3,1.3,0.1,1.4c0.2-0.9,0.5-2.2,0.4-2.9C11.5,22.1,11.2,22.6,11.1,23.1z\n                                                        M19.9,26.3c0.5-0.3,1.8-0.8,1.2-1.4C21,25,21,25.3,20.8,25.4c-0.9-0.5,0.1-2.3-0.3-3C20.3,23.8,20.2,24.8,19.9,26.3z M12.8,26.5\n                                                        c0.2-0.3,0.4-1.1,0.2-1.5C13.1,25.6,12.5,26.3,12.8,26.5z\"></path>\n                                                </svg>\n                                            <span>CALL US 5555-00-444</span>\n                                        </a>\n                                    </div>\n                                </div>\n                            </div>\n                            <div class=\"col-3 item3\">\n                                <h3 class=\"widget-title\">NEWS</h3>\n                                <div class=\"widget-body\">\n                                    <div class=\"widget-item\">\n                                        <a href=\"#\">\n                                            <img src=\"assets/blog-img-10-150x150.jpg\">\n                                        </a>\n                                        <div class=\"widget-item-right\">\n                                            <a href=\"#\">\n                                                <h5>BAKING HAPPY</h5>\n                                            </a>\n                                            <a href=\"#\">\n                                                <p>MARCH 18, 2019</p>\n                                            </a>\n                                        </div>\n                                    </div>\n                                    <div class=\"widget-item\">\n                                        <a href=\"#\">\n                                            <img src=\"assets/blog-img-11-150x150.jpg\">\n                                        </a>\n                                        <div class=\"widget-item-right\">\n                                            <a href=\"#\">\n                                                <h5>BREADS & PASTRIES</h5>\n                                            </a>\n                                            <a href=\"#\">\n                                                <p>MARCH 18, 2019</p>\n                                            </a>\n                                        </div>\n                                    </div>\n                                </div>\n                            </div>\n                            <div class=\"col-3 item4\">\n                                <h3 class=\"widget-title\">INSTAGRAM</h3>\n                                <div class=\"widget-body\">\n                                    <ul>\n                                        <li>\n                                            <a href=\"#\">\n                                                <img src=\"assets/55731233_129432651513947_8126695847471313537_n.jpg\">\n                                            </a>\n                                        </li>\n                                        <li>\n                                            <a href=\"#\">\n                                                <img src=\"assets/54429281_123937955370614_5722280565074263255_n.jpg\">\n                                            </a>\n                                        </li>\n                                        <li>\n                                            <a href=\"#\">\n                                                <img src=\"assets/53730445_303350890349016_2105597345185984442_n.jpg\">\n                                            </a>\n                                        </li>\n                                        <li>\n                                            <a href=\"#\">\n                                                <img src=\"assets/53898305_294571244773286_1681076972782938727_n.jpg\">\n                                            </a>\n                                        </li>\n                                        <li>\n                                            <a href=\"#\">\n                                                <img src=\"assets/54732207_2309061759420411_7754229395380267702_n.jpg\">\n                                            </a>\n                                        </li>\n                                        <li>\n                                            <a href=\"#\">\n                                                <img src=\"assets/53423917_149512629413392_7621886354360448446_n.jpg\">\n                                            </a>\n                                        </li>\n                                        <li>\n                                            <a href=\"#\">\n                                                <img src=\"assets/53253055_333998163894397_315975867628131081_n.jpg\">\n                                            </a>\n                                        </li>\n                                        <li>\n                                            <a href=\"#\">\n                                                <img src=\"assets/54247961_673610903058322_5989601907598599138_n.jpg\">\n                                            </a>\n                                        </li>\n        \n                                    </ul>\n                                </div>\n                            </div>\n                        </div>\n                    </div>\n                </div>\n                <div class=\"footer-bottom\">\n                    <div class=\"row\">\n                        <div class=\"col-6\">\n                            <ul>\n                                <a href=\"#\">\n                                    <li>\n                                        <i class=\"fa fa-facebook-f\"></i>\n                                        <span>FACEBOOK</span>\n                                    </li>\n                                </a>\n                                <a href=\"#\">\n                                    <li>\n                                        <i class=\"fa fa-instagram\"></i>\n                                        <span>INSTAGRAM</span>\n                                    </li>\n                                </a>\n                                <a href=\"#\">\n                                    <li>\n                                        <i class=\"fa fa-twitter\"></i>\n                                        <span>TWITTER</span>\n                                    </li>\n                                </a>\n                                <a href=\"#\">\n                                    <li>\n                                        <i class=\"fa fa-pinterest\"></i>\n                                        <span>PINTEREST</span>\n                                    </li>\n                                </a>\n                                <a href=\"#\">\n                                    <li>\n                                        <i class=\"fa fa-behance\"></i>\n                                        <span>BEHANCE</span>\n                                    </li>\n                                </a>\n                            </ul>\n                        </div>\n                        <div class=\"col-6 note\">\n                            <a href=\"#\">\n                                <span>© 2019 - Mikado - Themes. All Rights Reserved.</span>\n                            </a>\n                        </div>\n                    </div>\n                </div>\n            </footer>\n        </section>\n   \n    </div>\n\n</body>\n<script src=\"cart/index.js\"></script>\n<script>showgh_tt()</script>\n\n</html>"
        }
    ]
}