{
    "sourceFile": "WEB/css/sanpham.css",
    "activeCommit": 0,
    "commits": [
        {
            "activePatchIndex": 0,
            "patches": [
                {
                    "date": 1639730032866,
                    "content": "Index: \n===================================================================\n--- \n+++ \n"
                }
            ],
            "date": 1639730032866,
            "name": "Commit-0",
            "content": "/* @media (min-width: 992px){\n    .col-md-1, .col-md-10, .col-md-11, .col-md-12, .col-md-2, .col-md-3, .col-md-4, .col-md-5, .col-md-6, .col-md-7, .col-md-8, .col-md-9 {\n        float: left;\n    } \n} */\n:root{\n    --primary-color:#4daf54;\n}\n.center{\n    display: flex;\n    justify-content: center;\n}\n.tong{\n  margin: 40px;\n  \n}\n.tong h1{\n    font-size: 20px;\n}\n.tong .phai{\n    background-color: white;\n    border-radius: 6px;\n    width: 350px;\n    color: black;\n    \n    /* height: 150px; */\n\n}\n.tong .phai h2{\ncolor: black;\npadding: 10px;\nfont-size: 12px;\n}\n.tong .phai button{\n    border: none;\n    background-color: #1d1c1c;\n    border-radius: 4px;\n    justify-content: space-between;\n    width: 100px;\n    height: 40px;\n}\n.tong .phai button:hover{\nbackground-color: green;\n\n}\n.tong .phai input{\n    width: 50px;\n    height: 35px;\n     margin-left: 100px; \n    \n    \n    color: #000;\n}\n.tong .buttonbuy{\n    margin: 10px;\n    margin-bottom: 20px;\n    padding-bottom: 10px;\n    margin-left: 80px;\n}\n/* .nopadding{\n    background-color: white;\n    border-radius: 4px;\n    border: blue;\n} */\n.col-xs-6{\n    border: blue;\n}\n.left {\n    border: white;\n\n}\n.right{\n    margin: 10px;\n    margin-left: 5px;\n}\n.drink-item-wrap {\n    display: flex;\n    flex-wrap: wrap;\n    justify-content: flex-start;\n    margin-top: 3rem;\n    \n}\n\n.drink-item {\n    width: 25%;\n    height: 30rem;\n    padding: 1rem;\n    \n}\n\n.item-wrap {\n    height: 100%;\n    transition: .4s ease-in-out;\n    cursor: pointer;\n    border-radius: 2rem;\n}\n.item-wrap:hover {\n    box-shadow: rgba(14, 30, 37, 0.12) 0px 2px 4px 0px,\n        rgba(14, 30, 37, 0.32) 0px 2px 16px 0px;\n}\n\n.item-img {\n    height: 60%;\n    position: relative;\n    overflow: hidden;\n    border-radius: 2rem;\n}\n\n.img-holder {\n    position: absolute;\n    top: 0;\n    left: 0;\n    width: 100%;\n    height: 100%;\n    transition: .5s ease-in-out;\n    border-radius: 2rem;\n}\n\n.img-holder:hover {\n    transform: scale(2) rotate(45deg);\n}\n.item-info {\n    display: flex;\n    justify-content: space-between;\n    align-items: center;\n    margin-top: 3rem;\n    padding: 0 1rem;\n}\n\n.item-info h3 {\n    color: var(--grey);\n}\n\n.item-info>div:first-child {\n    text-align: left;\n}\n.bg-img {\n    background-position: center;\n    background-size: cover;\n    background-repeat: no-repeat;\n}\n.product_left{\n    display:flex;\n    justify-content: center;\n}\n.product_right{\n    display:flex;\n    justify-content: center;\n}\n\nelement.style {\n}\n.bottom-up.start {\n    transform: translateY(0);\n}\n.bottom-up {\n    transform: translateY(4%);\n    transition: .8s ease-in-out;\n}\n.item-wrap {\n    height: 100%;\n    transition: .4s ease-in-out;\n    cursor: pointer;\n    border-radius: 2rem;\n}\n.bottom-up {\n    margin: 120px auto;\n    background: #272d40;\n    color: white;\n    position: relative;\n}\n.ttsp h1{\n    font-weight: 900;\n    margin: 30px;\n}\n\n.ttsp .h2 h2{\n    margin-left: 50px;\n}\n.ttsp h2{\n    margin: 30px;\n}\n.drink-item-wrap .drink-item .item-wrap button{\n    background: var(--primary-color);\n    border: none;\n    outline: none;\n    color: white;\n    padding:10px 15px;\n    border-radius: 5px;\n    font-weight: bold;\n    margin-top: 0px;\n    visibility: hidden;\n    opacity: 0;\n\n}\n/* .card:hover .card_img{\n    transform: rotate(-20deg) ;\n\n} */\n.drink-item-wrap .drink-item:hover button{\n    visibility:visible;\n    opacity: 100;\n    transition: 0.5s;\n    transition-delay:0.4s ;\n}\n.card_greens{\n    background: green;\n}\n@media only screen and (min-width: 46.25em) and (max-width: 63.9375em){\n    .boxtrai {\n        width: 100%;\n    }\n    .boxtrai .center{\n        display: none;\n    }\n    .boxtrai .ttsp{\n        width: 100%;\n    }\n    .boxtrai .ttsp h1{\n        display: none;\n    }\n    .boxtrai .ttsp .drink-item{\n        display: none;\n    }\n\n    .boxtrai .center .phai{\n        display: none;\n\n    }\n    .boxphai .row{\n        display: none;\n        margin: 0;\n    }\n}"
        }
    ]
}